course_name,program_overview,University,Year 1,Year 2,Year 3,Specialization,MPU_Subjects
BA111 - Diploma In Business Studies,"This program covers
Business Management
Human Resource Management
Operations Management
Marketing
International Business
Entrepreneurship",UITM,NA,NA,NA,NA,NA
BA114 - Diploma in Investment Analysis,"This program covers
Investment Management
Operations & Regulations of Securities Markets
Analysis & Valuation of Equities
Technical Analysis
Analysis & Valuation of Fixed Income Securities
Portfolio Management
Futures & Options
Financial Analysis",UITM,NA,NA,NA,NA,NA
BA117 - Diploma in Business Studies (Transport),"This program covers
Transport Economics
Transport & Tourism
Transport Society & Enviroment
Corporate Strategy & Policy in Transport
Business Logistics",UITM,NA,NA,NA,NA,NA
BA119 - Diploma in Banking Studies,"This program covers
Risk & Insurance
Investment Management
Banking Operations
Finance of International Trade
Financial Analysis
Fundamentals of Islamic Banking
International Banking
Credit Management",UITM,NA,NA,NA,NA,NA
BA132 - Diploma in Office Technology Management,"This program covers
Office Management
Office Procedures
Office Automation
Malay Language for Office Management
Document Processing
Executive Note-Taking
Records Management for Office Professionals
Office Software Applications",UITM,NA,NA,NA,NA,NA
BA141 - Diploma in Insurance Studies,"This program covers
Fundamentals of Takaful
Fire Insurance
Property & Pecuniary
Insurance
Legal Aspects of Insurance
Insurance of Transport
Insurance of Liability
Life Insurance Practice",UITM,NA,NA,NA,NA,NA
BA241 - Bachelor of Business Administration (Hons) Insurance,"This program covers
Various classes of insurance & Insurance-related Activities
Knowledge of Risk Management
Contract Law & Insurance
Managerial Economics
Risk management, Assessment & Claims
Underwriting & Claims
Business Management
Management Information Systems",UITM,NA,NA,NA,NA,NA
BA242 - Bachelor of Business Administration (Hons) Finance,"This program covers
Banking Operations
Personal Financial Planning
Financial Markets and Institutions
Corporate Finance
Monetary Economics
International Financial Management
Investment Analysis
Islamic Finance
Futures and Options",UITM,NA,NA,NA,NA,NA
BA249 - Bachelor of Business Administration (Hons) Islamic Banking,"This program covers
Islamic Banking
Monetary Economics
Qawaid Fiqhiyyah
Islamic Economics
Advanced Fiqh Muamalat
Islamic Financial Planning
Islamic Financial Legal Framework
Islamic Capital Market
Islamic Banking & Financial Services",UITM,NA,NA,NA,NA,NA
BA250 - Bachelor of Business Administration (Hons) Business Economics,"This program covers
Economics
International Economics
Econometrics
Industrial Economics
Monetary Economics
Economic Issues & Policies
Public Finance",UITM,NA,NA,NA,NA,NA
BA290 - Double Degree,Be career competitive with double degree,UITM,NA,NA,NA,NA,NA
BA240 - Bachelor of Business Administration (Hons) Marketing,"This program is accredited by the Chartered Institute of Marketing, UK (CIM). This program covers
Understanding Consumers
Digital marketing
Product Management
Marketing Research
Marketing Communication
Relationship Marketing
Business Marketing
Channels Management
Strategic Marketing
Global Marketing",UITM,NA,NA,NA,NA,NA
BA234 - Bachelor of Customer Service Management (Hons),"This program covers
Customer Service
Marketing in Customer Service
Contact Centre Management
Leadership in Customer Service
Understanding Consumers
Customer Service Principles
Service Management
Conflict Management & Negotiation Strategies
Managing Customer Knowledge & Relationship
Quality in Customer Service
Issues in Customer Service",UITM,NA,NA,NA,NA,NA
BA245 - Bachelor of Business Administration (Hons) Retail Management,"This program covers
Concepts & Practice of Retailing
Understanding Shoppers
Supply Chain Management
Retail Merchandising
Retail Operations & Technology
Retail Financial Decision Making
Retail Entrepreneurship
Current Issues in Retailing
Visual Merchandising
Customer Relation Management",UITM,NA,NA,NA,NA,NA
BA233 - Bachelor of Business Administration (Hons) EntrepreneurshipBA263 - Bachelor of Business in Entrepreneuship (Honours),"This program covers
New Venture Creation
Franchise Management
Managerial Economics
Digital marketing
Small Business Management
Corporate Entrepreneurship
Business Planning
Innovation & Technology Management
Entrepreneurship Workshop",UITM,NA,NA,NA,NA,NA
BA235 - Bachelor of Health Administration (Hons),"This program covers
Managing Healthcare Organizations
Health Economics
Health Informatics
Health Service Communication
Health Financial Management
Hospital Management
Management for Health Records
Health Project Management
Issues in Healthcare
Syllabus",UITM,NA,NA,NA,NA,NA
BA236 - Bachelor of Event Management (Hons),"This program covers
Event Conceptualization & Planning
Event Documentation
Event Leadership Development
Event Staging & Production
Event Public Relations & Protocol
Multimedia for event Management
Project Management
Event Risk Management
Legal Issues for Event Professionals
Event Marketing & Promotion
Syllabus",UITM,NA,NA,NA,NA,NA
BA243 - Bachelor of Business Administration (Hons) Human Resource Management,"Recruitment & Selection
Compensation & Benefits
Industrial Relations
Strategic Human Resource Management
Organizational Behavior
Human Resource Development
Employment Law
Change & Organizational Development
Performance Development",UITM,NA,NA,NA,NA,NA
BA246 - Bachelor of Business Administration (Hons) International BusinessBA276 - Bachelor in International Business (Honours),"International Economics
Intercultural Management
Global Market Places
International Business Negotiations
International Trade Framework
International Investment
Global Business Strategy
Issues in International Business
Global Marketing",UITM,NA,NA,NA,NA,NA
BA232 - Bachelor in Office Systems Management (Hons),"This program covers:
Financial Management and Business Law
Business Management and Economics
Accounting and Entrepreneurship
Business Communications and Strategic Management
Digital Innovations and Innovative Thinking
Data Warehouse and Business Analytics
Systems Design and Information Security
Administration Management and Occupational Safety
Third Language and Critical Reading
Syllabus",UITM,NA,NA,NA,NA,NA
BA247 - Bachelor of Business Administration (Hons) Transport,"This program covers
Financial Management
Operations Management
Transport Policy & Planning
Transport Economics
Public Transport Planning & Operations
Supply Chain Management
Law of Carriage
Transport & Society
Business Strategy & Policy in Transport
Principles & Practice of Transport",UITM,NA,NA,NA,NA,NA
BA244 - Bachelor of Business Administration (Hons) Operations Management,"This program covers
Project Management
Quality Management
Safety Management
Job Design
Production Planning & Control
Operations Management in the Service Sector
Purchasing & Inventory Management
Physical Supply & Distribution
Supply Chain Logistics Management",UITM,NA,NA,NA,NA,NA
BA707 - Master of Human Resource Management,"Master of Human Resource Management (MHRM) is a programme designed to prepare well-rounded human resources practitioners with exemplary knowledge and relevant expertise to operate effectively in today's challenging business environment. This programme offers advanced level knowledge into Human Resource Management (HRM) as a profession. It provides an insight into the principal areas of HRM and demonstrates why HRM is critical for organisational success.
MHRM has achieved the Malaysia Qualification Framework level 7 from the national accreditation agency, Malaysia Quality Assurance (MQA) and another accreditation from the prestigious Chartered Management Institute (CMI), United Kingdom. This is a global recognition of the quality and potential that MHRM offers to the students. Upon graduation, students will receive a master's degree in Human Resource Management from UiTM and a professional qualification from CMI at level 7 Certificate in Strategic Management and Leadership Practice without additional cost.
We are recognised as a professional deliverer of HRM education on completion of this programme, students will have acquired the level of knowledge and understanding to apply for full professional membership of CMI and high employability.
ENTRY REQUIREMENT
• Bachelor's Degree (Hons) in business and management related fields of study from UiTM or other universities recognized by UiTM Senate (minimum CGPA 2.75)
OR
• Bachelor's Degree in business and management related fields of study from universities recognized by UiTM Senate (minimum CGPA 2.50) WITH at least 5 years of working experience in executive level OR
• Other qualification equivalent to Bachelor's Degree (Hons) in business and management related fields of study recognized by UiTM Senate
OR
• Passed level 7 accreditation of Prior Experiential Learning (APEL A) evaluation from Malaysian Qualifications Agency (MQA)
• Malaysians citizen only
• 30 years old and above upon application
• Has working experience on related areas
• Recognized Diploma/ A-level/ Equivalent Qualifications
OR
• Candidate without a *QUALIFICATION or *WORKING EXPERIENCE in related business and management area must undergo appropriate prerequisite courses determined by UiTM and meet the minimum CGPA based on (i) to (ii)
• International Students
Pass an interview with the Faculty Postgraduate Committee
PROGRAM STRUCTURE
Full-Time",UITM,NA,NA,NA,NA,NA
BA774 - Master of Business Economics,"The Faculty of Business and Management, UiTM is the first faculty in Malaysia to offer this programme. The main goal of this programme is to produce graduates who are knowledgeable and analytical in business economics. Thus creating opportunity for graduates to enhance their career as an expert in the business and economics field. One of the important part of our academic proposition is to incorporate the invaluable international network of academics and business practitioners in developing and participating in this programme
This program is designed :
• to provide a strong foundation in the mechanisms & tools of business economics enabling students to analyse real-life business & policy issues
• to provide students with the professional expertise to excel in top management positions in related sectors including banking & finance, environment, energy, transport & logistics, & telecommunications
• to successfully navigate the practical landscape of business economics through the effective application of theory into practice
• to deepen students' knowledge of applied business economics to undertake practical fieldwork leading to a doctoral degree
ENTRY REQUIREMENT
• Bachelor's Degree (Hons) in business and management related fields of study from UiTM or other universities recognized by UiTM Senate (minimum CGPA 2.75)
OR
• Bachelor's Degree in business and management related fields of study from universities recognized by UiTM Senate (minimum CGPA 2.50) WITH at least 5 years of working experience in executive level OR
• Other qualification equivalent to Bachelor's Degree (Hons) in business and management related fields of study recognized by UiTM Senate
OR
• Passed level 7 accreditation of Prior Experiential Learning (APEL A) evaluation from Malaysian Qualifications Agency (MQA)
• Malaysians citizen only
• 30 years old and above upon application
• Has working experience on related areas
• Recognized Diploma/ A-level/ Equivalent Qualifications
OR
• Candidate without a *QUALIFICATION or *WORKING EXPERIENCE in related business and management area must undergo appropriate prerequisite courses determined by UiTM and meet the minimum CGPA based on (i) to (ii)
• International Students
Pass an interview with the Faculty Postgraduate Committee
PROGRAM STRUCTURE
Full-Time",UITM,NA,NA,NA,NA,NA
BA775 - Master in Office Systems Management,"Master in Office Systems Management is a programme designed to provide the new breed of executives with knowledge and insights in the field of office management and technology. This programme leveraged on the unique integration of three disciplines namely management, information technology, and communication. An important part of our value proposition is the invaluable international network of academics and business practitioners involved in developing and participating in this programme.
This program is designed
• to take office systems management into the 21st century with cutting edge knowledge & insights into the field of office management & technology
• to leverage on transdisciplinary integration in building the requisite skills & knowledge to take the industry to the next level
• to successfully navigate the practical landscape of office systems management through the effective application of theory into practice
• to deepen students' knowledge of applied office systems management to undertake practical fieldwork leading to a doctoral degree
ENTRY REQUIREMENT
• Bachelor's Degree (Hons) in business and management related fields of study from UiTM or other universities recognized by UiTM Senate (minimum CGPA 2.75)
OR
• Bachelor's Degree in business and management related fields of study from universities recognized by UiTM Senate (minimum CGPA 2.50) WITH at least 5 years of working experience in executive level
OR
• Other qualification equivalent to Bachelor's Degree (Hons) in business and management related fields of study recognized by UiTM Senate
OR
• Passed level 7 accreditation of Prior Experiential Learning (APEL A) evaluation from Malaysian Qualifications Agency (MQA)
• Malaysians citizen only
• 30 years old and above upon application
• Has working experience on related areas
• Recognized Diploma/ A-level/ Equivalent Qualifications
OR
• Candidate without a
*QUALIFICATION
or
*WORKING EXPERIENCE
in related business and management area must undergo appropriate prerequisite courses determined by UiTM and meet the minimum CGPA based on (i) to (ii)
•
International Students
Pass an interview with the Faculty Postgraduate Committee
PROGRAM STRUCTURE
Full-Time",UITM,NA,NA,NA,NA,NA
BA776 - Master in Service Management,"Master in Service Management is a programme specially designed to prepare the graduates with new knowledge and insights in the field of service management. This programme leverages on the unique integration of various disciplines such as service management, information technology, and communication to ensure the graduates are equipped with all the necessary skills and knowledge to prosper in the industry.
An important part of our value proposition is also the invaluable international network of academics and business practitioners who are involved in developing and participating in this programme.
This program is designed
• to provide students with cutting edge knowledge & insights to take service management into the 21st century
• to leverage on transdisciplinary integration in building the requisite skills & knowledge to take the industry to the next level
• to successfully navigate the practical landscape of service management through the effective application of theory into practice
• to deepen students' knowledge of applied service management to undertake practical fieldwork leading to a doctoral degree
ENTRY REQUIREMENT
• Bachelor's Degree (Hons) in related fields of study from UiTM or other universities recognized by UiTM Senate (minimum CGPA 2.75)
OR
• Bachelor's Degree in related fields of study from universities recognized by UiTM Senate (minimum CGPA 2.50)
WITH
at least
5 years
of working experience in executive level
OR
• Other qualification equivalent to Bachelor's Degree (Hons) in related areas recognized by UiTM Senate
OR
• Passed level 7 accreditation of Prior Experiential Learning (APEL A) evaluation from Malaysian Qualifications Agency (MQA)
• Malaysians citizen only
• 30 years old and above upon application
• Has working experience on related areas
• Recognized Diploma/ A-level/ Equivalent Qualifications
OR
• Candidate without a *
QUALIFICATION
or *
WORKING EXPERIENCE
in related business and management area must undergo appropriate prerequisite courses determined by UiTM and meet the minimum CGPA based on (i) to (ii)
•
International Students
Pass an interview with the Faculty Postgraduate Committee
PROGRAM STRUCTURE
Full-Time",UITM,NA,NA,NA,NA,NA
BA750 - Master of Science (Business Management),"This program :
• is a supervised research program culminating in the submission of a thesis for consideration of the conferment of a masters' degree,
• prepares candidates for a fulfilling academic or professional career in related sectors.
• is designed to successfully navigate the practical landscape of business management through the effective application of theory into practice.
ENTRY REQUIREMENT
• Bachelor's Degree (Hons) in business and management related fields of study from UiTM or other universities recognized by UiTM Senate (minimum CGPA 2.75)
OR
• Bachelor's Degree in business and management related fields of study from universities recognized by UiTM Senate (minimum CGPA 2.50) WITH at least 5 years of working experience in executive level
OR
• Candidates without a *
QUALIFICATION
or *
WORKING EXPERIENCE
in related business and management area must undergo appropriate prerequisite courses determined by UiTM
AND
• Submission of intended research proposal
•
International Students
Pass an interview with the Faculty Postgraduate Committee
PROGRAM STRUCTURE
Full-Time",UITM,NA,NA,NA,NA,NA
BA950 - Doctor of Philosophy (Business Management),"This program :
• is a supervised research program culminating in the submission of a thesis for consideration of the conferment of a doctoral degree.
• leverages on current global business practices to generate a wide range of research topics.
• provides a solid foundation in the mechanisms and tools of business management enabling candidates to analyse real-life business & policy issues.
• prepares candidates for a fulfilling academic or professional career in a related sectors.
ENTRY REQUIREMENT
• Master's degree (Hons) in business and management related fields of study from UiTM or other institutions of higher learning that are recognised by the UiTM Senate
OR
• Candidates without a *
QUALIFICATION
• or *
WORKING
EXPERIENCE
in related business and management area must undergo appropriate prerequisite courses determined by UiTM
AND
• Submission of intended research proposal
• International Students
Pass an interview with the Faculty Postgraduate Committee
PROGRAM STRUCTURE
Full-Time",UITM,NA,NA,NA,NA,NA
BA992 - Doctor of Philosophy (Office Systems Management),"This program :
• is a supervised research program culminating in the submission of a thesis for consideration of the conferment of a doctoral degree.
• leverages on current office management and technology practices to generate a wide range of research topics.
• provides a solid foundation in the mechanisms and tools of office systems management enabling candidates to analyse real-life issues related to this industry.
• prepares candidates for a fulfilling academic or professional career in related sectors.
ENTRY REQUIREMENT
• Master's degree (Hons) in business and management related fields of study from UiTM or other institutions of higher learning that are recognised by the UiTM Senate
OR
• Candidates without a *
QUALIFICATION
or *
WORKING
EXPERIENCE
in related business and management area must undergo appropriate prerequisite courses determined by UiTM
AND
• Submission of intended research proposal
• International Students
Pass an interview with the Faculty Postgraduate Committee
PROGRAM STRUCTURE
Full-Time",UITM,NA,NA,NA,NA,NA
Foundation in Business,"Leadership & Governance
Championing higher TVET
Special Projects
Awards & Recognition
Collaborations
Facts & Figures
Why UniKL ?
Living in Klang Valley
Living and studying in Southern Zone (UniKL Southern)
Living and studying in Northern Zone (UniKL Northern)
Campus Lifestyles
Student Experience
Student Development
Student Welfare
Student Council
Testimonial
Xpress (News & Event)
Study at UniKL
Undergraduate
Postgraduate
Short Courses
Professional Certificates
Academic Calendar
Ulul Albab Programmes
Student Exchange
Exchange Mobility
Overview & Partners
International Student Exchange Mobility(ISEM)
Customized & Edutourism Programmes
Admissions & Aid
How to Apply
Fees & Funding
Open Distance Learning (ODL)
Research & Innovation
Research Areas
Research Grants
Publications
Technology Transfer & Commercialisation
Research Facilities
Collaborations
Commercialisation (URSB)
E-Publication
General Enquiries
Feedback & Complaint
Advancement & Continuing Education
Foundation in Business
Foundation in Business
(R2/010/3/0178) (09/28) (MQA/FA1759)",UNIKL,NA,NA,NA,NA,NA
Foundation in Science,"Leadership & Governance
Championing higher TVET
Special Projects
Awards & Recognition
Collaborations
Facts & Figures
Why UniKL ?
Living in Klang Valley
Living and studying in Southern Zone (UniKL Southern)
Living and studying in Northern Zone (UniKL Northern)
Campus Lifestyles
Student Experience
Student Development
Student Welfare
Student Council
Testimonial
Xpress (News & Event)
Study at UniKL
Undergraduate
Postgraduate
Short Courses
Professional Certificates
Academic Calendar
Ulul Albab Programmes
Student Exchange
Exchange Mobility
Overview & Partners
International Student Exchange Mobility(ISEM)
Customized & Edutourism Programmes
Admissions & Aid
How to Apply
Fees & Funding
Open Distance Learning (ODL)
Research & Innovation
Research Areas
Research Grants
Publications
Technology Transfer & Commercialisation
Research Facilities
Collaborations
Commercialisation (URSB)
E-Publication
General Enquiries
Feedback & Complaint
Advancement & Continuing Education
Foundation in Science
Foundation in Science
UniKL MICET
(R/0011/3/0044) (01/30) (MQA/FA12391)
Program Learning Outcomes",UNIKL,NA,NA,NA,NA,NA
Foundation in Medical Sciences,"Leadership & Governance
Championing higher TVET
Special Projects
Awards & Recognition
Collaborations
Facts & Figures
Why UniKL ?
Living in Klang Valley
Living and studying in Southern Zone (UniKL Southern)
Living and studying in Northern Zone (UniKL Northern)
Campus Lifestyles
Student Experience
Student Development
Student Welfare
Student Council
Testimonial
Xpress (News & Event)
Study at UniKL
Undergraduate
Postgraduate
Short Courses
Professional Certificates
Academic Calendar
Ulul Albab Programmes
Student Exchange
Exchange Mobility
Overview & Partners
International Student Exchange Mobility(ISEM)
Customized & Edutourism Programmes
Admissions & Aid
How to Apply
Fees & Funding
Open Distance Learning (ODL)
Research & Innovation
Research Areas
Research Grants
Publications
Technology Transfer & Commercialisation
Research Facilities
Collaborations
Commercialisation (URSB)
E-Publication
General Enquiries
Feedback & Complaint
Advancement & Continuing Education
Foundation in Medical Sciences
Foundation in Medical Sciences
(R/010/3/0472) (01/28) (MQA/FA8616)",UNIKL,NA,NA,NA,NA,NA
Foundation in Computer Technology,"Leadership & Governance
Championing higher TVET
Special Projects
Awards & Recognition
Collaborations
Facts & Figures
Why UniKL ?
Living in Klang Valley
Living and studying in Southern Zone (UniKL Southern)
Living and studying in Northern Zone (UniKL Northern)
Campus Lifestyles
Student Experience
Student Development
Student Welfare
Student Council
Testimonial
Xpress (News & Event)
Study at UniKL
Undergraduate
Postgraduate
Short Courses
Professional Certificates
Academic Calendar
Ulul Albab Programmes
Student Exchange
Exchange Mobility
Overview & Partners
International Student Exchange Mobility(ISEM)
Customized & Edutourism Programmes
Admissions & Aid
How to Apply
Fees & Funding
Open Distance Learning (ODL)
Research & Innovation
Research Areas
Research Grants
Publications
Technology Transfer & Commercialisation
Research Facilities
Collaborations
Commercialisation (URSB)
E-Publication
General Enquiries
Feedback & Complaint
Advancement & Continuing Education
Foundation in Computer Technology
Foundation in Computer Technology
(R/010/3/0502) (07/28) (MQA/SWA11522)",UNIKL,NA,NA,NA,NA,NA
Foundation in Science and Arts,"Leadership & Governance
Championing higher TVET
Special Projects
Awards & Recognition
Collaborations
Facts & Figures
Why UniKL ?
Living in Klang Valley
Living and studying in Southern Zone (UniKL Southern)
Living and studying in Northern Zone (UniKL Northern)
Campus Lifestyles
Student Experience
Student Development
Student Welfare
Student Council
Testimonial
Xpress (News & Event)
Study at UniKL
Undergraduate
Postgraduate
Short Courses
Professional Certificates
Academic Calendar
Ulul Albab Programmes
Student Exchange
Exchange Mobility
Overview & Partners
International Student Exchange Mobility(ISEM)
Customized & Edutourism Programmes
Admissions & Aid
How to Apply
Fees & Funding
Open Distance Learning (ODL)
Research & Innovation
Research Areas
Research Grants
Publications
Technology Transfer & Commercialisation
Research Facilities
Collaborations
Commercialisation (URSB)
E-Publication
General Enquiries
Feedback & Complaint
Advancement & Continuing Education
Foundation in Science and Arts
Foundation in Science and Arts
(N/0011/0002) (4/27) (MQA/FA15460)",UNIKL,NA,NA,NA,NA,NA
Diploma in Information Technology,"Leadership & Governance
Championing higher TVET
Special Projects
Awards & Recognition
Collaborations
Facts & Figures
Why UniKL ?
Living in Klang Valley
Living and studying in Southern Zone (UniKL Southern)
Living and studying in Northern Zone (UniKL Northern)
Campus Lifestyles
Student Experience
Student Development
Student Welfare
Student Council
Testimonial
Xpress (News & Event)
Study at UniKL
Undergraduate
Postgraduate
Short Courses
Professional Certificates
Academic Calendar
Ulul Albab Programmes
Student Exchange
Exchange Mobility
Overview & Partners
International Student Exchange Mobility(ISEM)
Customized & Edutourism Programmes
Admissions & Aid
How to Apply
Fees & Funding
Open Distance Learning (ODL)
Research & Innovation
Research Areas
Research Grants
Publications
Technology Transfer & Commercialisation
Research Facilities
Collaborations
Commercialisation (URSB)
E-Publication
General Enquiries
Feedback & Complaint
Advancement & Continuing Education
Diploma in Information Technology
Diploma in Information Technology
(R3/0611/4/0049) (06/29) (MQA/FA14990)",UNIKL,NA,NA,NA,NA,NA
Diploma in Multimedia,"Leadership & Governance
Championing higher TVET
Special Projects
Awards & Recognition
Collaborations
Facts & Figures
Why UniKL ?
Living in Klang Valley
Living and studying in Southern Zone (UniKL Southern)
Living and studying in Northern Zone (UniKL Northern)
Campus Lifestyles
Student Experience
Student Development
Student Welfare
Student Council
Testimonial
Xpress (News & Event)
Study at UniKL
Undergraduate
Postgraduate
Short Courses
Professional Certificates
Academic Calendar
Ulul Albab Programmes
Student Exchange
Exchange Mobility
Overview & Partners
International Student Exchange Mobility(ISEM)
Customized & Edutourism Programmes
Admissions & Aid
How to Apply
Fees & Funding
Open Distance Learning (ODL)
Research & Innovation
Research Areas
Research Grants
Publications
Technology Transfer & Commercialisation
Research Facilities
Collaborations
Commercialisation (URSB)
E-Publication
General Enquiries
Feedback & Complaint
Advancement & Continuing Education
Diploma in Multimedia
Diploma in Multimedia
(R3/0211/4/0093) (06/29) (MQA/FA14992)",UNIKL,NA,NA,NA,NA,NA
Diploma of Engineering Technology in Quality Engineering,"Leadership & Governance
Championing higher TVET
Special Projects
Awards & Recognition
Collaborations
Facts & Figures
Why UniKL ?
Living in Klang Valley
Living and studying in Southern Zone (UniKL Southern)
Living and studying in Northern Zone (UniKL Northern)
Campus Lifestyles
Student Experience
Student Development
Student Welfare
Student Council
Testimonial
Xpress (News & Event)
Study at UniKL
Undergraduate
Postgraduate
Short Courses
Professional Certificates
Academic Calendar
Ulul Albab Programmes
Student Exchange
Exchange Mobility
Overview & Partners
International Student Exchange Mobility(ISEM)
Customized & Edutourism Programmes
Admissions & Aid
How to Apply
Fees & Funding
Open Distance Learning (ODL)
Research & Innovation
Research Areas
Research Grants
Publications
Technology Transfer & Commercialisation
Research Facilities
Collaborations
Commercialisation (URSB)
E-Publication
General Enquiries
Feedback & Complaint
Advancement & Continuing Education
Diploma of Engineering Technology in Quality Engineering
Diploma of Engineering Technology in Quality Engineering
UniKL MITEC
(R3/0741/4/0007) (06/28) (MQA/FA13786)
Program Learning Outcomes",UNIKL,NA,NA,NA,NA,NA
Diploma of Engineering Technology in Mechanical Design and Development,"Leadership & Governance
Championing higher TVET
Special Projects
Awards & Recognition
Collaborations
Facts & Figures
Why UniKL ?
Living in Klang Valley
Living and studying in Southern Zone (UniKL Southern)
Living and studying in Northern Zone (UniKL Northern)
Campus Lifestyles
Student Experience
Student Development
Student Welfare
Student Council
Testimonial
Xpress (News & Event)
Study at UniKL
Undergraduate
Postgraduate
Short Courses
Professional Certificates
Academic Calendar
Ulul Albab Programmes
Student Exchange
Exchange Mobility
Overview & Partners
International Student Exchange Mobility(ISEM)
Customized & Edutourism Programmes
Admissions & Aid
How to Apply
Fees & Funding
Open Distance Learning (ODL)
Research & Innovation
Research Areas
Research Grants
Publications
Technology Transfer & Commercialisation
Research Facilities
Collaborations
Commercialisation (URSB)
E-Publication
General Enquiries
Feedback & Complaint
Advancement & Continuing Education
Diploma of Engineering Technology in Mechanical Design and Development
Diploma of Engineering Technology in Mechanical Design and Development
(R3/0714/4/0018) (06/29) (MQA/FA13395)
Program Learning Outcomes",UNIKL,NA,NA,NA,NA,NA
Diploma of Engineering Technology in Electrical and Electronics (Marine),"Leadership & Governance
Championing higher TVET
Special Projects
Awards & Recognition
Collaborations
Facts & Figures
Why UniKL ?
Living in Klang Valley
Living and studying in Southern Zone (UniKL Southern)
Living and studying in Northern Zone (UniKL Northern)
Campus Lifestyles
Student Experience
Student Development
Student Welfare
Student Council
Testimonial
Xpress (News & Event)
Study at UniKL
Undergraduate
Postgraduate
Short Courses
Professional Certificates
Academic Calendar
Ulul Albab Programmes
Student Exchange
Exchange Mobility
Overview & Partners
International Student Exchange Mobility(ISEM)
Customized & Edutourism Programmes
Admissions & Aid
How to Apply
Fees & Funding
Open Distance Learning (ODL)
Research & Innovation
Research Areas
Research Grants
Publications
Technology Transfer & Commercialisation
Research Facilities
Collaborations
Commercialisation (URSB)
E-Publication
General Enquiries
Feedback & Complaint
Advancement & Continuing Education
Diploma of Engineering Technology in Electrical and Electronics (Marine)
Diploma of Engineering Technology in Electrical and Electronics (Marine)
UniKL MIMET
(R3/0715/4/0014) (09/27) (MQA/FA15135)
Program Learning Outcomes
Demonstrate an understanding of how communication shapes patterns of social interaction, the expression of cultural values and norms, political practices and relations of power, and our positions as local and global citizens.
Be able to use a variety of methodological tools to analyze interpersonal, intercultural, and rhetorical discourse that structures everyday interactions in both our public and private lives.
Demonstrate an understanding of the possibilities, problems, and history of discourse and deliberation in democracy and will be prepared to use their knowledge to work for a just and more humane world.",UNIKL,NA,NA,NA,NA,NA
Diploma of Engineering Technology (Naval Architecture and Shipbuilding),"Leadership & Governance
Championing higher TVET
Special Projects
Awards & Recognition
Collaborations
Facts & Figures
Why UniKL ?
Living in Klang Valley
Living and studying in Southern Zone (UniKL Southern)
Living and studying in Northern Zone (UniKL Northern)
Campus Lifestyles
Student Experience
Student Development
Student Welfare
Student Council
Testimonial
Xpress (News & Event)
Study at UniKL
Undergraduate
Postgraduate
Short Courses
Professional Certificates
Academic Calendar
Ulul Albab Programmes
Student Exchange
Exchange Mobility
Overview & Partners
International Student Exchange Mobility(ISEM)
Customized & Edutourism Programmes
Admissions & Aid
How to Apply
Fees & Funding
Open Distance Learning (ODL)
Research & Innovation
Research Areas
Research Grants
Publications
Technology Transfer & Commercialisation
Research Facilities
Collaborations
Commercialisation (URSB)
E-Publication
General Enquiries
Feedback & Complaint
Advancement & Continuing Education
Diploma of Engineering Technology (Naval Architecture and Shipbuilding)
Diploma of Engineering Technology (Naval Architecture and Shipbuilding)
UniKL MIMET
(N/0715/4/0010) (10/28) (MQA/PA16872)
Program Learning Outcomes",UNIKL,NA,NA,NA,NA,NA
Diploma of Engineering Technology in Marine Engineering,"Leadership & Governance
Championing higher TVET
Special Projects
Awards & Recognition
Collaborations
Facts & Figures
Why UniKL ?
Living in Klang Valley
Living and studying in Southern Zone (UniKL Southern)
Living and studying in Northern Zone (UniKL Northern)
Campus Lifestyles
Student Experience
Student Development
Student Welfare
Student Council
Testimonial
Xpress (News & Event)
Study at UniKL
Undergraduate
Postgraduate
Short Courses
Professional Certificates
Academic Calendar
Ulul Albab Programmes
Student Exchange
Exchange Mobility
Overview & Partners
International Student Exchange Mobility(ISEM)
Customized & Edutourism Programmes
Admissions & Aid
How to Apply
Fees & Funding
Open Distance Learning (ODL)
Research & Innovation
Research Areas
Research Grants
Publications
Technology Transfer & Commercialisation
Research Facilities
Collaborations
Commercialisation (URSB)
E-Publication
General Enquiries
Feedback & Complaint
Advancement & Continuing Education
Diploma of Engineering Technology in Marine Engineering
Diploma of Engineering Technology in Marine Engineering
UniKL MIMET
(R3/0715/4/0013) (09/27) (MQA/FA15134)
Program Learning Outcomes",UNIKL,NA,NA,NA,NA,NA
Diploma in Chemical Engineering Technology,"Leadership & Governance
Championing higher TVET
Special Projects
Awards & Recognition
Collaborations
Facts & Figures
Why UniKL ?
Living in Klang Valley
Living and studying in Southern Zone (UniKL Southern)
Living and studying in Northern Zone (UniKL Northern)
Campus Lifestyles
Student Experience
Student Development
Student Welfare
Student Council
Testimonial
Xpress (News & Event)
Study at UniKL
Undergraduate
Postgraduate
Short Courses
Professional Certificates
Academic Calendar
Ulul Albab Programmes
Student Exchange
Exchange Mobility
Overview & Partners
International Student Exchange Mobility(ISEM)
Customized & Edutourism Programmes
Admissions & Aid
How to Apply
Fees & Funding
Open Distance Learning (ODL)
Research & Innovation
Research Areas
Research Grants
Publications
Technology Transfer & Commercialisation
Research Facilities
Collaborations
Commercialisation (URSB)
E-Publication
General Enquiries
Feedback & Complaint
Advancement & Continuing Education
Chemical Engineering and Bioengineering Technology
Diploma in Chemical Engineering Technology
Diploma in Chemical Engineering Technology
UniKL MICET
(R/0711/4/0001)(4/31)(MQA/FA14383)
Program Structure
Career Pathways",UNIKL,NA,NA,NA,NA,NA
Diploma of Medical Laboratory Technology,"Leadership & Governance
Championing higher TVET
Special Projects
Awards & Recognition
Collaborations
Facts & Figures
Why UniKL ?
Living in Klang Valley
Living and studying in Southern Zone (UniKL Southern)
Living and studying in Northern Zone (UniKL Northern)
Campus Lifestyles
Student Experience
Student Development
Student Welfare
Student Council
Testimonial
Xpress (News & Event)
Study at UniKL
Undergraduate
Postgraduate
Short Courses
Professional Certificates
Academic Calendar
Ulul Albab Programmes
Student Exchange
Exchange Mobility
Overview & Partners
International Student Exchange Mobility(ISEM)
Customized & Edutourism Programmes
Admissions & Aid
How to Apply
Fees & Funding
Open Distance Learning (ODL)
Research & Innovation
Research Areas
Research Grants
Publications
Technology Transfer & Commercialisation
Research Facilities
Collaborations
Commercialisation (URSB)
E-Publication
General Enquiries
Feedback & Complaint
Advancement & Continuing Education
Diploma of Medical Laboratory Technology
Diploma of Medical Laboratory Technology
UniKL MESTECH
(R3/0914/4/0025) (06/28) (MQA A8824)
Program Learning Outcomes",UNIKL,NA,NA,NA,NA,NA
Diploma in Nursing,"Leadership & Governance
Championing higher TVET
Special Projects
Awards & Recognition
Collaborations
Facts & Figures
Why UniKL ?
Living in Klang Valley
Living and studying in Southern Zone (UniKL Southern)
Living and studying in Northern Zone (UniKL Northern)
Campus Lifestyles
Student Experience
Student Development
Student Welfare
Student Council
Testimonial
Xpress (News & Event)
Study at UniKL
Undergraduate
Postgraduate
Short Courses
Professional Certificates
Academic Calendar
Ulul Albab Programmes
Student Exchange
Exchange Mobility
Overview & Partners
International Student Exchange Mobility(ISEM)
Customized & Edutourism Programmes
Admissions & Aid
How to Apply
Fees & Funding
Open Distance Learning (ODL)
Research & Innovation
Research Areas
Research Grants
Publications
Technology Transfer & Commercialisation
Research Facilities
Collaborations
Commercialisation (URSB)
E-Publication
General Enquiries
Feedback & Complaint
Advancement & Continuing Education
Diploma in Nursing
Diploma in Nursing
(R3/0913/4/0033) (10/28) (MQA/FA8735)
Program Learning Outcomes",UNIKL,NA,NA,NA,NA,NA
Diploma in Pharmacy,"Leadership & Governance
Championing higher TVET
Special Projects
Awards & Recognition
Collaborations
Facts & Figures
Why UniKL ?
Living in Klang Valley
Living and studying in Southern Zone (UniKL Southern)
Living and studying in Northern Zone (UniKL Northern)
Campus Lifestyles
Student Experience
Student Development
Student Welfare
Student Council
Testimonial
Xpress (News & Event)
Study at UniKL
Undergraduate
Postgraduate
Short Courses
Professional Certificates
Academic Calendar
Ulul Albab Programmes
Student Exchange
Exchange Mobility
Overview & Partners
International Student Exchange Mobility(ISEM)
Customized & Edutourism Programmes
Admissions & Aid
How to Apply
Fees & Funding
Open Distance Learning (ODL)
Research & Innovation
Research Areas
Research Grants
Publications
Technology Transfer & Commercialisation
Research Facilities
Collaborations
Commercialisation (URSB)
E-Publication
General Enquiries
Feedback & Complaint
Advancement & Continuing Education
Diploma in Pharmacy
Diploma in Pharmacy
(R3/0916/4/0006) (06/29) (MQA/A10343)
Program Learning Outcomes",UNIKL,NA,NA,NA,NA,NA
Bachelor of Chemical Engineering Technology with Honours,"Leadership & Governance
Championing higher TVET
Special Projects
Awards & Recognition
Collaborations
Facts & Figures
Why UniKL ?
Living in Klang Valley
Living and studying in Southern Zone (UniKL Southern)
Living and studying in Northern Zone (UniKL Northern)
Campus Lifestyles
Student Experience
Student Development
Student Welfare
Student Council
Testimonial
Xpress (News & Event)
Study at UniKL
Undergraduate
Postgraduate
Short Courses
Professional Certificates
Academic Calendar
Ulul Albab Programmes
Student Exchange
Exchange Mobility
Overview & Partners
International Student Exchange Mobility(ISEM)
Customized & Edutourism Programmes
Admissions & Aid
How to Apply
Fees & Funding
Open Distance Learning (ODL)
Research & Innovation
Research Areas
Research Grants
Publications
Technology Transfer & Commercialisation
Research Facilities
Collaborations
Commercialisation (URSB)
E-Publication
General Enquiries
Feedback & Complaint
Advancement & Continuing Education
Bachelor of Chemical Engineering Technology with Honours
Bachelor of Chemical Engineering Technology with Honours
UniKL MICET
(R2/0711/6/0008) (07/29) (MQA/FA1722)
Program Learning Outcomes",UNIKL,NA,NA,NA,NA,NA
Bachelor of Chemical Engineering with Honours,"Leadership & Governance
Championing higher TVET
Special Projects
Awards & Recognition
Collaborations
Facts & Figures
Why UniKL ?
Living in Klang Valley
Living and studying in Southern Zone (UniKL Southern)
Living and studying in Northern Zone (UniKL Northern)
Campus Lifestyles
Student Experience
Student Development
Student Welfare
Student Council
Testimonial
Xpress (News & Event)
Study at UniKL
Undergraduate
Postgraduate
Short Courses
Professional Certificates
Academic Calendar
Ulul Albab Programmes
Student Exchange
Exchange Mobility
Overview & Partners
International Student Exchange Mobility(ISEM)
Customized & Edutourism Programmes
Admissions & Aid
How to Apply
Fees & Funding
Open Distance Learning (ODL)
Research & Innovation
Research Areas
Research Grants
Publications
Technology Transfer & Commercialisation
Research Facilities
Collaborations
Commercialisation (URSB)
E-Publication
General Enquiries
Feedback & Complaint
Advancement & Continuing Education
Bachelor of Chemical Engineering with Honours
Bachelor of Chemical Engineering with Honours
UniKL MICET
(R2/0711/6/0008) (07/29) (MQA/FA1722)
Program Learning Outcomes",UNIKL,NA,NA,NA,NA,NA
Bachelor of Engineering Technology (Hons) in Mechanical Design,"Leadership & Governance
Championing higher TVET
Special Projects
Awards & Recognition
Collaborations
Facts & Figures
Why UniKL ?
Living in Klang Valley
Living and studying in Southern Zone (UniKL Southern)
Living and studying in Northern Zone (UniKL Northern)
Campus Lifestyles
Student Experience
Student Development
Student Welfare
Student Council
Testimonial
Xpress (News & Event)
Study at UniKL
Undergraduate
Postgraduate
Short Courses
Professional Certificates
Academic Calendar
Ulul Albab Programmes
Student Exchange
Exchange Mobility
Overview & Partners
International Student Exchange Mobility(ISEM)
Customized & Edutourism Programmes
Admissions & Aid
How to Apply
Fees & Funding
Open Distance Learning (ODL)
Research & Innovation
Research Areas
Research Grants
Publications
Technology Transfer & Commercialisation
Research Facilities
Collaborations
Commercialisation (URSB)
E-Publication
General Enquiries
Feedback & Complaint
Advancement & Continuing Education
Automotive Components & System Technology
Bachelor of Engineering Technology (Hons) in Mechanical Design
Bachelor of Engineering Technology (Hons) in Mechanical Design
(R/0714/6/0015) (12/27) (MQA/FA7648)",UNIKL,NA,NA,NA,NA,NA
Bachelor of Mechanical Engineering Technology (Machine Manufacturing) with Honours,"Leadership & Governance
Championing higher TVET
Special Projects
Awards & Recognition
Collaborations
Facts & Figures
Why UniKL ?
Living in Klang Valley
Living and studying in Southern Zone (UniKL Southern)
Living and studying in Northern Zone (UniKL Northern)
Campus Lifestyles
Student Experience
Student Development
Student Welfare
Student Council
Testimonial
Xpress (News & Event)
Study at UniKL
Undergraduate
Postgraduate
Short Courses
Professional Certificates
Academic Calendar
Ulul Albab Programmes
Student Exchange
Exchange Mobility
Overview & Partners
International Student Exchange Mobility(ISEM)
Customized & Edutourism Programmes
Admissions & Aid
How to Apply
Fees & Funding
Open Distance Learning (ODL)
Research & Innovation
Research Areas
Research Grants
Publications
Technology Transfer & Commercialisation
Research Facilities
Collaborations
Commercialisation (URSB)
E-Publication
General Enquiries
Feedback & Complaint
Advancement & Continuing Education
Bachelor of Mechanical Engineering Technology (Machine Manufacturing) with Honours
Bachelor of Mechanical Engineering Technology (Machine Manufacturing) with Honours
(R3/521/6/0034) (05/29) (MQA/FA13102)
Program Learning Outcomes",UNIKL,NA,NA,NA,NA,NA
Bachelor of Mechanical Engineering with Honours,"Leadership & Governance
Championing higher TVET
Special Projects
Awards & Recognition
Collaborations
Facts & Figures
Why UniKL ?
Living in Klang Valley
Living and studying in Southern Zone (UniKL Southern)
Living and studying in Northern Zone (UniKL Northern)
Campus Lifestyles
Student Experience
Student Development
Student Welfare
Student Council
Testimonial
Xpress (News & Event)
Study at UniKL
Undergraduate
Postgraduate
Short Courses
Professional Certificates
Academic Calendar
Ulul Albab Programmes
Student Exchange
Exchange Mobility
Overview & Partners
International Student Exchange Mobility(ISEM)
Customized & Edutourism Programmes
Admissions & Aid
How to Apply
Fees & Funding
Open Distance Learning (ODL)
Research & Innovation
Research Areas
Research Grants
Publications
Technology Transfer & Commercialisation
Research Facilities
Collaborations
Commercialisation (URSB)
E-Publication
General Enquiries
Feedback & Complaint
Advancement & Continuing Education
Bachelor of Mechanical Engineering with Honours
Bachelor of Mechanical Engineering with Honours
(R3/521/6/0029) (05/29) (MQA/FA1625)
Program Learning Outcomes",UNIKL,NA,NA,NA,NA,NA
Bachelor of Engineering Technology (Hons) in Applied Electronics,"Leadership & Governance
Championing higher TVET
Special Projects
Awards & Recognition
Collaborations
Facts & Figures
Why UniKL ?
Living in Klang Valley
Living and studying in Southern Zone (UniKL Southern)
Living and studying in Northern Zone (UniKL Northern)
Campus Lifestyles
Student Experience
Student Development
Student Welfare
Student Council
Testimonial
Xpress (News & Event)
Study at UniKL
Undergraduate
Postgraduate
Short Courses
Professional Certificates
Academic Calendar
Ulul Albab Programmes
Student Exchange
Exchange Mobility
Overview & Partners
International Student Exchange Mobility(ISEM)
Customized & Edutourism Programmes
Admissions & Aid
How to Apply
Fees & Funding
Open Distance Learning (ODL)
Research & Innovation
Research Areas
Research Grants
Publications
Technology Transfer & Commercialisation
Research Facilities
Collaborations
Commercialisation (URSB)
E-Publication
General Enquiries
Feedback & Complaint
Advancement & Continuing Education
Automotive Components & System Technology
Bachelor of Engineering Technology (Hons) in Applied Electronics
Bachelor of Engineering Technology (Hons) in Applied Electronics
(R/0713/6/0009) (12/27) (MQA/FA7649)
Program Learning Outcomes",UNIKL,NA,NA,NA,NA,NA
Bachelor of Electrical Engineering Technology with Honours,"Leadership & Governance
Championing higher TVET
Special Projects
Awards & Recognition
Collaborations
Facts & Figures
Why UniKL ?
Living in Klang Valley
Living and studying in Southern Zone (UniKL Southern)
Living and studying in Northern Zone (UniKL Northern)
Campus Lifestyles
Student Experience
Student Development
Student Welfare
Student Council
Testimonial
Xpress (News & Event)
Study at UniKL
Undergraduate
Postgraduate
Short Courses
Professional Certificates
Academic Calendar
Ulul Albab Programmes
Student Exchange
Exchange Mobility
Overview & Partners
International Student Exchange Mobility(ISEM)
Customized & Edutourism Programmes
Admissions & Aid
How to Apply
Fees & Funding
Open Distance Learning (ODL)
Research & Innovation
Research Areas
Research Grants
Publications
Technology Transfer & Commercialisation
Research Facilities
Collaborations
Commercialisation (URSB)
E-Publication
General Enquiries
Feedback & Complaint
Advancement & Continuing Education
Bachelor of Electrical Engineering Technology with Honours
Bachelor of Electrical Engineering Technology with Honours
(R2/0712/6/0010) (06/26) (MQA/FA11141)
Program Learning Outcomes",UNIKL,NA,NA,NA,NA,NA
Bachelor of Electrical Engineering with Honours,"Leadership & Governance
Championing higher TVET
Special Projects
Awards & Recognition
Collaborations
Facts & Figures
Why UniKL ?
Living in Klang Valley
Living and studying in Southern Zone (UniKL Southern)
Living and studying in Northern Zone (UniKL Northern)
Campus Lifestyles
Student Experience
Student Development
Student Welfare
Student Council
Testimonial
Xpress (News & Event)
Study at UniKL
Undergraduate
Postgraduate
Short Courses
Professional Certificates
Academic Calendar
Ulul Albab Programmes
Student Exchange
Exchange Mobility
Overview & Partners
International Student Exchange Mobility(ISEM)
Customized & Edutourism Programmes
Admissions & Aid
How to Apply
Fees & Funding
Open Distance Learning (ODL)
Research & Innovation
Research Areas
Research Grants
Publications
Technology Transfer & Commercialisation
Research Facilities
Collaborations
Commercialisation (URSB)
E-Publication
General Enquiries
Feedback & Complaint
Advancement & Continuing Education
Bachelor of Electrical Engineering with Honours
Bachelor of Electrical Engineering with Honours
(R2/0712/6/0006) (07/29) (MQA/FA1624)
Program Learning Outcomes",UNIKL,NA,NA,NA,NA,NA
Bachelor of Engineering Technology (Hons) in Facilities Maintenance Engineering,"Leadership & Governance
Championing higher TVET
Special Projects
Awards & Recognition
Collaborations
Facts & Figures
Why UniKL ?
Living in Klang Valley
Living and studying in Southern Zone (UniKL Southern)
Living and studying in Northern Zone (UniKL Northern)
Campus Lifestyles
Student Experience
Student Development
Student Welfare
Student Council
Testimonial
Xpress (News & Event)
Study at UniKL
Undergraduate
Postgraduate
Short Courses
Professional Certificates
Academic Calendar
Ulul Albab Programmes
Student Exchange
Exchange Mobility
Overview & Partners
International Student Exchange Mobility(ISEM)
Customized & Edutourism Programmes
Admissions & Aid
How to Apply
Fees & Funding
Open Distance Learning (ODL)
Research & Innovation
Research Areas
Research Grants
Publications
Technology Transfer & Commercialisation
Research Facilities
Collaborations
Commercialisation (URSB)
E-Publication
General Enquiries
Feedback & Complaint
Advancement & Continuing Education
Bachelor of Engineering Technology (Hons) in Facilities Maintenance Engineering
Bachelor of Engineering Technology (Hons) in Facilities Maintenance Engineering
UniKL MITEC
(R2/0710/6/0005) (09/29) (MQA/FA15197)",UNIKL,NA,NA,NA,NA,NA
Bachelor of Engineering Technology (Hons) in Manufacturing (Automotive),"Leadership & Governance
Championing higher TVET
Special Projects
Awards & Recognition
Collaborations
Facts & Figures
Why UniKL ?
Living in Klang Valley
Living and studying in Southern Zone (UniKL Southern)
Living and studying in Northern Zone (UniKL Northern)
Campus Lifestyles
Student Experience
Student Development
Student Welfare
Student Council
Testimonial
Xpress (News & Event)
Study at UniKL
Undergraduate
Postgraduate
Short Courses
Professional Certificates
Academic Calendar
Ulul Albab Programmes
Student Exchange
Exchange Mobility
Overview & Partners
International Student Exchange Mobility(ISEM)
Customized & Edutourism Programmes
Admissions & Aid
How to Apply
Fees & Funding
Open Distance Learning (ODL)
Research & Innovation
Research Areas
Research Grants
Publications
Technology Transfer & Commercialisation
Research Facilities
Collaborations
Commercialisation (URSB)
E-Publication
General Enquiries
Feedback & Complaint
Advancement & Continuing Education
Automotive Engineering
Bachelor of Engineering Technology (Hons) in Manufacturing (Automotive)
Bachelor of Engineering Technology (Hons) in Manufacturing (Automotive)
(R3/0715/6/0068) (09/29) (MQA/FA13398)
Program Learning Outcomes",UNIKL,NA,NA,NA,NA,NA
Bachelor of Engineering Technology (Water Engineering and Energy) with Honours,"Leadership & Governance
Championing higher TVET
Special Projects
Awards & Recognition
Collaborations
Facts & Figures
Why UniKL ?
Living in Klang Valley
Living and studying in Southern Zone (UniKL Southern)
Living and studying in Northern Zone (UniKL Northern)
Campus Lifestyles
Student Experience
Student Development
Student Welfare
Student Council
Testimonial
Xpress (News & Event)
Study at UniKL
Undergraduate
Postgraduate
Short Courses
Professional Certificates
Academic Calendar
Ulul Albab Programmes
Student Exchange
Exchange Mobility
Overview & Partners
International Student Exchange Mobility(ISEM)
Customized & Edutourism Programmes
Admissions & Aid
How to Apply
Fees & Funding
Open Distance Learning (ODL)
Research & Innovation
Research Areas
Research Grants
Publications
Technology Transfer & Commercialisation
Research Facilities
Collaborations
Commercialisation (URSB)
E-Publication
General Enquiries
Feedback & Complaint
Advancement & Continuing Education
Bachelor of Engineering Technology (Water Engineering and Energy) with Honours
Bachelor of Engineering Technology (Water Engineering and Energy) with Honours
(N/522/6/0081) (01/27) (MQA/PA12954)
Program Learning Outcomes",UNIKL,NA,NA,NA,NA,NA
Bachelor of Engineering Technology (Naval Architecture and Shipbuilding) with Honours,"Leadership & Governance
Championing higher TVET
Special Projects
Awards & Recognition
Collaborations
Facts & Figures
Why UniKL ?
Living in Klang Valley
Living and studying in Southern Zone (UniKL Southern)
Living and studying in Northern Zone (UniKL Northern)
Campus Lifestyles
Student Experience
Student Development
Student Welfare
Student Council
Testimonial
Xpress (News & Event)
Study at UniKL
Undergraduate
Postgraduate
Short Courses
Professional Certificates
Academic Calendar
Ulul Albab Programmes
Student Exchange
Exchange Mobility
Overview & Partners
International Student Exchange Mobility(ISEM)
Customized & Edutourism Programmes
Admissions & Aid
How to Apply
Fees & Funding
Open Distance Learning (ODL)
Research & Innovation
Research Areas
Research Grants
Publications
Technology Transfer & Commercialisation
Research Facilities
Collaborations
Commercialisation (URSB)
E-Publication
General Enquiries
Feedback & Complaint
Advancement & Continuing Education
Bachelor of Engineering Technology (Naval Architecture and Shipbuilding) with Honours
Bachelor of Engineering Technology (Naval Architecture and Shipbuilding) with Honours
UniKL MIMET
(R3/0715/6/0001) (09/29) (MQA/FA11165)
Program Learning Outcomes",UNIKL,NA,NA,NA,NA,NA
Bachelor of Engineering Technology (Offshore) with Honours,"Leadership & Governance
Championing higher TVET
Special Projects
Awards & Recognition
Collaborations
Facts & Figures
Why UniKL ?
Living in Klang Valley
Living and studying in Southern Zone (UniKL Southern)
Living and studying in Northern Zone (UniKL Northern)
Campus Lifestyles
Student Experience
Student Development
Student Welfare
Student Council
Testimonial
Xpress (News & Event)
Study at UniKL
Undergraduate
Postgraduate
Short Courses
Professional Certificates
Academic Calendar
Ulul Albab Programmes
Student Exchange
Exchange Mobility
Overview & Partners
International Student Exchange Mobility(ISEM)
Customized & Edutourism Programmes
Admissions & Aid
How to Apply
Fees & Funding
Open Distance Learning (ODL)
Research & Innovation
Research Areas
Research Grants
Publications
Technology Transfer & Commercialisation
Research Facilities
Collaborations
Commercialisation (URSB)
E-Publication
General Enquiries
Feedback & Complaint
Advancement & Continuing Education
Bachelor of Engineering Technology (Offshore) with Honours
Bachelor of Engineering Technology (Offshore) with Honours
UniKL MIMET
(N/0715/6/0001) (05/26) (MQA/FA11139)
Program Learning Outcomes",UNIKL,NA,NA,NA,NA,NA
Bachelor of Marine Engineering Technology with Honours,"Leadership & Governance
Championing higher TVET
Special Projects
Awards & Recognition
Collaborations
Facts & Figures
Why UniKL ?
Living in Klang Valley
Living and studying in Southern Zone (UniKL Southern)
Living and studying in Northern Zone (UniKL Northern)
Campus Lifestyles
Student Experience
Student Development
Student Welfare
Student Council
Testimonial
Xpress (News & Event)
Study at UniKL
Undergraduate
Postgraduate
Short Courses
Professional Certificates
Academic Calendar
Ulul Albab Programmes
Student Exchange
Exchange Mobility
Overview & Partners
International Student Exchange Mobility(ISEM)
Customized & Edutourism Programmes
Admissions & Aid
How to Apply
Fees & Funding
Open Distance Learning (ODL)
Research & Innovation
Research Areas
Research Grants
Publications
Technology Transfer & Commercialisation
Research Facilities
Collaborations
Commercialisation (URSB)
E-Publication
General Enquiries
Feedback & Complaint
Advancement & Continuing Education
Bachelor of Marine Engineering Technology with Honours
Bachelor of Marine Engineering Technology with Honours
UniKL MIMET
(R/0715/6/0006) (07/26) (MQA/FA4507)
Program Learning Outcomes",UNIKL,NA,NA,NA,NA,NA
Bachelor in Information Technology (Honours) (Internet of Things),"Leadership & Governance
Championing higher TVET
Special Projects
Awards & Recognition
Collaborations
Facts & Figures
Why UniKL ?
Living in Klang Valley
Living and studying in Southern Zone (UniKL Southern)
Living and studying in Northern Zone (UniKL Northern)
Campus Lifestyles
Student Experience
Student Development
Student Welfare
Student Council
Testimonial
Xpress (News & Event)
Study at UniKL
Undergraduate
Postgraduate
Short Courses
Professional Certificates
Academic Calendar
Ulul Albab Programmes
Student Exchange
Exchange Mobility
Overview & Partners
International Student Exchange Mobility(ISEM)
Customized & Edutourism Programmes
Admissions & Aid
How to Apply
Fees & Funding
Open Distance Learning (ODL)
Research & Innovation
Research Areas
Research Grants
Publications
Technology Transfer & Commercialisation
Research Facilities
Collaborations
Commercialisation (URSB)
E-Publication
General Enquiries
Feedback & Complaint
Advancement & Continuing Education
Bachelor in Information Technology (Honours) (Internet of Things)
Bachelor in Information Technology (Honours) (Internet of Things)
(N/0611/6/0081) (7/27) (MQA/SWA13935)
Program Learning Outcomes",UNIKL,NA,NA,NA,NA,NA
Bachelor of Information Technology (Hons) in Computer System Security,"Leadership & Governance
Championing higher TVET
Special Projects
Awards & Recognition
Collaborations
Facts & Figures
Why UniKL ?
Living in Klang Valley
Living and studying in Southern Zone (UniKL Southern)
Living and studying in Northern Zone (UniKL Northern)
Campus Lifestyles
Student Experience
Student Development
Student Welfare
Student Council
Testimonial
Xpress (News & Event)
Study at UniKL
Undergraduate
Postgraduate
Short Courses
Professional Certificates
Academic Calendar
Ulul Albab Programmes
Student Exchange
Exchange Mobility
Overview & Partners
International Student Exchange Mobility(ISEM)
Customized & Edutourism Programmes
Admissions & Aid
How to Apply
Fees & Funding
Open Distance Learning (ODL)
Research & Innovation
Research Areas
Research Grants
Publications
Technology Transfer & Commercialisation
Research Facilities
Collaborations
Commercialisation (URSB)
E-Publication
General Enquiries
Feedback & Complaint
Advancement & Continuing Education
Bachelor of Information Technology (Hons) in Computer System Security
Bachelor of Information Technology (Hons) in Computer System Security
(R3/0611/6/0087) (11/28) (MQA/FA14997)
Program Learning Outcomes",UNIKL,NA,NA,NA,NA,NA
Bachelor of Game Development Technology with Honours,"Leadership & Governance
Championing higher TVET
Special Projects
Awards & Recognition
Collaborations
Facts & Figures
Why UniKL ?
Living in Klang Valley
Living and studying in Southern Zone (UniKL Southern)
Living and studying in Northern Zone (UniKL Northern)
Campus Lifestyles
Student Experience
Student Development
Student Welfare
Student Council
Testimonial
Xpress (News & Event)
Study at UniKL
Undergraduate
Postgraduate
Short Courses
Professional Certificates
Academic Calendar
Ulul Albab Programmes
Student Exchange
Exchange Mobility
Overview & Partners
International Student Exchange Mobility(ISEM)
Customized & Edutourism Programmes
Admissions & Aid
How to Apply
Fees & Funding
Open Distance Learning (ODL)
Research & Innovation
Research Areas
Research Grants
Publications
Technology Transfer & Commercialisation
Research Facilities
Collaborations
Commercialisation (URSB)
E-Publication
General Enquiries
Feedback & Complaint
Advancement & Continuing Education
Bachelor of Game Development Technology with Honours
Bachelor of Game Development Technology with Honours
(N/0211/6/0002) (10/27) (MQA/PA15241)",UNIKL,NA,NA,NA,NA,NA
Bachelor of Business Administration (Hons) in Management and Entrepreneurship,"Leadership & Governance
Championing higher TVET
Special Projects
Awards & Recognition
Collaborations
Facts & Figures
Why UniKL ?
Living in Klang Valley
Living and studying in Southern Zone (UniKL Southern)
Living and studying in Northern Zone (UniKL Northern)
Campus Lifestyles
Student Experience
Student Development
Student Welfare
Student Council
Testimonial
Xpress (News & Event)
Study at UniKL
Undergraduate
Postgraduate
Short Courses
Professional Certificates
Academic Calendar
Ulul Albab Programmes
Student Exchange
Exchange Mobility
Overview & Partners
International Student Exchange Mobility(ISEM)
Customized & Edutourism Programmes
Admissions & Aid
How to Apply
Fees & Funding
Open Distance Learning (ODL)
Research & Innovation
Research Areas
Research Grants
Publications
Technology Transfer & Commercialisation
Research Facilities
Collaborations
Commercialisation (URSB)
E-Publication
General Enquiries
Feedback & Complaint
Advancement & Continuing Education
Accounting, Business Administration, Entrepreneurship, Islamic Finance, International Business, Management, Marketing and Tourism
Bachelor of Business Administration (Hons) in Management and Entrepreneurship
Bachelor of Business Administration (Hons) in Management and Entrepreneurship
UniKL Business School
(R2/0414/6/0254) (01/28) (MQA/FA0203)
Program Learning Outcomes
Program Structure
Career Pathways",UNIKL,NA,NA,NA,NA,NA
Bachelor of Engineering Technology (Hons.) in Business Management,"Leadership & Governance
Championing higher TVET
Special Projects
Awards & Recognition
Collaborations
Facts & Figures
Why UniKL ?
Living in Klang Valley
Living and studying in Southern Zone (UniKL Southern)
Living and studying in Northern Zone (UniKL Northern)
Campus Lifestyles
Student Experience
Student Development
Student Welfare
Student Council
Testimonial
Xpress (News & Event)
Study at UniKL
Undergraduate
Postgraduate
Short Courses
Professional Certificates
Academic Calendar
Ulul Albab Programmes
Student Exchange
Exchange Mobility
Overview & Partners
International Student Exchange Mobility(ISEM)
Customized & Edutourism Programmes
Admissions & Aid
How to Apply
Fees & Funding
Open Distance Learning (ODL)
Research & Innovation
Research Areas
Research Grants
Publications
Technology Transfer & Commercialisation
Research Facilities
Collaborations
Commercialisation (URSB)
E-Publication
General Enquiries
Feedback & Complaint
Advancement & Continuing Education
Bachelor of Engineering Technology (Hons.) in Business Management
Bachelor of Engineering Technology (Hons.) in Business Management
JPT/BPP (R/0414/6/0208) 01/28, MQA/FA7428
Program Learning Outcomes
Career Path
Fees & Requirement
Bachelor of Engineering Technology (Hons.) in Business Management is a fully accredited four-year programme that aims at providing technical and managerial skills required for Malaysian manufacturing sector. The objective of IPROM is to produce graduates with competent knowledge in technology, engineering, management as well as business. Other aspects of the industrial requirement such as customer relationship, quality, and continuous improvement are also emphasized in order to prepare students for the highly competitive industrial environment.
As manufacturing endeavor becomes more technologically driven and with the forces of globalization, our graduates must also be exposed to the latest skills required for managing a global enterprise. IPROM continues to rely on its experienced teaching staff whose knowledge and skills in the hands-on training are comparable to the industrial standards. Knowledge acquired by our graduates will prepare them for the challenges in the real world and this gives them the edge they need to be a competent and skilled worker in the Malaysian industrial sector.
Programme Educational Objectives (PEOs)
UniKL graduates who are knowledgeable, competent and innovative and able to contribute towards the human capital in engineering business management related industry.
UniKL graduates with effective leadership and teamwork skills as well as verbal, non-verbal and interpersonal communication skills to support their role in industry
UniKL graduates who are committed to the importance of lifelong learning and continuous improvement
UniKL graduates who practice professionalism with ethics and social responsibility
UniKL graduates who are capable of embarking on business and technopreneurial activities.
Programme Learning Outcomes (PLOs)
Majors in engineering technology will be able to:
Apply knowledge of mathematics, science, engineering fundamentals and engineering business management to the defined and applied engineering procedures, processes, systems or methodologies.
Identify, formulate, research literature and solve broadly-defined engineering problems reaching substantiated conclusions using analytical tools appropriate to engineering business management discipline.
Design solutions for broadly-defined engineering business management problems and contribute to the design of systems, components or processes to meet specified needs with appropriate consideration for public health and safety, cultural, societal and environmental considerations.
Conduct investigations of broadly-defined engineering business management; locate, search and select relevant data from codes, data bases and literature, design and conduct experiments to provide valid conclusion
Select and apply appropriate techniques, resources, and modern engineering tools, including prediction and modeling, to broadly-defined engineering business management activities, with an understanding of the limitations.
Function effectively as an individual, and as a member or leader in diverse technical teams.
Communicate effectively on broadly defined Business activities within the engineering community and with society at large, by being able to comprehend and write effective reports and design documentation, make effective presentations and give and receive clear instructions.
Demonstrate understanding of the societal, health, safety, legal and cultural issues and the consequent responsibilities and norms of engineering technology practice.
Commit to professional ethics and responsibilities and norms of engineering technology practice
Recognize the impact of engineering solutions in a societal context and demonstrate knowledge of and the need for sustainable development.
Demonstrate an awareness and understanding of management, business practices, and technopreneurial competencies.
Recognize the need for, and have the ability to engage in independent and lifelong learning.
Career Information
Project Manager
Production and Operation Manager
Scheduling Executive/Manager
Inventory Management Manager
Quality Assurance Manager
Business Development Manager
Risk Management Manager
Technical Supervisor
Financial Controller
Human Resource Manager
Bank Executive/Manager
Technopreneur
Marketing Manager
Retail and Supply Chain Manager
Officers in Government Agencies
Tamadun Islam & Tamadun Asia (TITAS) / Bahasa Melayu Komunikasi 2
Isu-isu Kontemporari Muslim di Malaysia / Culture and Lifestyle in Malaysia
Engineering Mathematics 1
Fundamental English
Professional English 1
Principles Of Economics
Business Management
Engineering Sciences
Engineering Drawing
Metrology and Workshop Practice
Information Technology
Business Law
Manufacturing Technology
Production and Operations Management
Organizational Behavior
Materials Engineering
Supply Chain Management
Foreign Language 1
Hubungan Etnik / Pengajian Malaysia 3
Industrial Engineering
Computer Programming
Financial and Cost Accounting
Applied Statistics
Foreign Language 2
Technopreneurship
Quality Engineering
Managerial Finance
Management Science
Professional English 2
Co-Curriculum
Six Sigma Methodology
Principle of Islamic Finance
Enterprise Resource Planning
Final Year Project 1 (FYP1)
Project Management
Innovation Management
Artificial Intelligence in Business
Strategic Management
Technologist in Society
Final Year Project 2 (FYP2)
Electrical and Electronics Fundamentals
Management Information System
Lean and Agile Manufacturing
Product Design
Safety, Health and Environment
Database Management
Local Student
International Student",UNIKL,NA,NA,NA,NA,NA
Bachelor of Design (Honours) in Industrial Design,"Leadership & Governance
Championing higher TVET
Special Projects
Awards & Recognition
Collaborations
Facts & Figures
Why UniKL ?
Living in Klang Valley
Living and studying in Southern Zone (UniKL Southern)
Living and studying in Northern Zone (UniKL Northern)
Campus Lifestyles
Student Experience
Student Development
Student Welfare
Student Council
Testimonial
Xpress (News & Event)
Study at UniKL
Undergraduate
Postgraduate
Short Courses
Professional Certificates
Academic Calendar
Ulul Albab Programmes
Student Exchange
Exchange Mobility
Overview & Partners
International Student Exchange Mobility(ISEM)
Customized & Edutourism Programmes
Admissions & Aid
How to Apply
Fees & Funding
Open Distance Learning (ODL)
Research & Innovation
Research Areas
Research Grants
Publications
Technology Transfer & Commercialisation
Research Facilities
Collaborations
Commercialisation (URSB)
E-Publication
General Enquiries
Feedback & Complaint
Advancement & Continuing Education
Bachelor of Design (Honours) in Industrial Design
Bachelor of Design (Honours) in Industrial Design
(N/0212/6/0001) (05/27) (MQA/PA15557)",UNIKL,NA,NA,NA,NA,NA
Bachelor of Physiotherapy (Honours),"Leadership & Governance
Championing higher TVET
Special Projects
Awards & Recognition
Collaborations
Facts & Figures
Why UniKL ?
Living in Klang Valley
Living and studying in Southern Zone (UniKL Southern)
Living and studying in Northern Zone (UniKL Northern)
Campus Lifestyles
Student Experience
Student Development
Student Welfare
Student Council
Testimonial
Xpress (News & Event)
Study at UniKL
Undergraduate
Postgraduate
Short Courses
Professional Certificates
Academic Calendar
Ulul Albab Programmes
Student Exchange
Exchange Mobility
Overview & Partners
International Student Exchange Mobility(ISEM)
Customized & Edutourism Programmes
Admissions & Aid
How to Apply
Fees & Funding
Open Distance Learning (ODL)
Research & Innovation
Research Areas
Research Grants
Publications
Technology Transfer & Commercialisation
Research Facilities
Collaborations
Commercialisation (URSB)
E-Publication
General Enquiries
Feedback & Complaint
Advancement & Continuing Education
Bachelor of Physiotherapy (Honours)
Bachelor of Physiotherapy (Honours)
(N/0915/6/0008) (04/27) (MQA/FA12140)
Program Learning Outcomes",UNIKL,NA,NA,NA,NA,NA
Bachelor of Science in Psychology (Honours),"Leadership & Governance
Championing higher TVET
Special Projects
Awards & Recognition
Collaborations
Facts & Figures
Why UniKL ?
Living in Klang Valley
Living and studying in Southern Zone (UniKL Southern)
Living and studying in Northern Zone (UniKL Northern)
Campus Lifestyles
Student Experience
Student Development
Student Welfare
Student Council
Testimonial
Xpress (News & Event)
Study at UniKL
Undergraduate
Postgraduate
Short Courses
Professional Certificates
Academic Calendar
Ulul Albab Programmes
Student Exchange
Exchange Mobility
Overview & Partners
International Student Exchange Mobility(ISEM)
Customized & Edutourism Programmes
Admissions & Aid
How to Apply
Fees & Funding
Open Distance Learning (ODL)
Research & Innovation
Research Areas
Research Grants
Publications
Technology Transfer & Commercialisation
Research Facilities
Collaborations
Commercialisation (URSB)
E-Publication
General Enquiries
Feedback & Complaint
Advancement & Continuing Education
Bachelor of Science in Psychology (Honours)
Bachelor of Science in Psychology (Honours)
(N/0313/6/0037) (08/29) (MQA/PA17628)
Program Learning Outcomes",UNIKL,NA,NA,NA,NA,NA
Master of Engineering Technology (Chemical Engineering),"Leadership & Governance
Championing higher TVET
Special Projects
Awards & Recognition
Collaborations
Facts & Figures
Why UniKL ?
Living in Klang Valley
Living and studying in Southern Zone (UniKL Southern)
Living and studying in Northern Zone (UniKL Northern)
Campus Lifestyles
Student Experience
Student Development
Student Welfare
Student Council
Testimonial
Xpress (News & Event)
Study at UniKL
Undergraduate
Postgraduate
Short Courses
Professional Certificates
Academic Calendar
Ulul Albab Programmes
Student Exchange
Exchange Mobility
Overview & Partners
International Student Exchange Mobility(ISEM)
Customized & Edutourism Programmes
Admissions & Aid
How to Apply
Fees & Funding
Open Distance Learning (ODL)
Research & Innovation
Research Areas
Research Grants
Publications
Technology Transfer & Commercialisation
Research Facilities
Collaborations
Commercialisation (URSB)
E-Publication
General Enquiries
Feedback & Complaint
Advancement & Continuing Education
Bioengineering
Master of Engineering Technology (Chemical Engineering)
Master of Engineering Technology (Chemical Engineering)
IPS/UniKL MICET
(R3/0711/8/0003) (10/29) (MQA A9321)
Program Learning Outcomes",UNIKL,NA,NA,NA,NA,NA
Master of Engineering Technology (Manufacturing),"Leadership & Governance
Championing higher TVET
Special Projects
Awards & Recognition
Collaborations
Facts & Figures
Why UniKL ?
Living in Klang Valley
Living and studying in Southern Zone (UniKL Southern)
Living and studying in Northern Zone (UniKL Northern)
Campus Lifestyles
Student Experience
Student Development
Student Welfare
Student Council
Testimonial
Xpress (News & Event)
Study at UniKL
Undergraduate
Postgraduate
Short Courses
Professional Certificates
Academic Calendar
Ulul Albab Programmes
Student Exchange
Exchange Mobility
Overview & Partners
International Student Exchange Mobility(ISEM)
Customized & Edutourism Programmes
Admissions & Aid
How to Apply
Fees & Funding
Open Distance Learning (ODL)
Research & Innovation
Research Areas
Research Grants
Publications
Technology Transfer & Commercialisation
Research Facilities
Collaborations
Commercialisation (URSB)
E-Publication
General Enquiries
Feedback & Complaint
Advancement & Continuing Education
By Research
Master of Engineering Technology (Manufacturing)
Master of Engineering Technology (Manufacturing)
IPS/UniKL MIDI
(R3/523/7/0130) (10/27) (MQA A 8065)
Program Learning Outcomes",UNIKL,NA,NA,NA,NA,NA
Master of Electrical Engineering,"Leadership & Governance
Championing higher TVET
Special Projects
Awards & Recognition
Collaborations
Facts & Figures
Why UniKL ?
Living in Klang Valley
Living and studying in Southern Zone (UniKL Southern)
Living and studying in Northern Zone (UniKL Northern)
Campus Lifestyles
Student Experience
Student Development
Student Welfare
Student Council
Testimonial
Xpress (News & Event)
Study at UniKL
Undergraduate
Postgraduate
Short Courses
Professional Certificates
Academic Calendar
Ulul Albab Programmes
Student Exchange
Exchange Mobility
Overview & Partners
International Student Exchange Mobility(ISEM)
Customized & Edutourism Programmes
Admissions & Aid
How to Apply
Fees & Funding
Open Distance Learning (ODL)
Research & Innovation
Research Areas
Research Grants
Publications
Technology Transfer & Commercialisation
Research Facilities
Collaborations
Commercialisation (URSB)
E-Publication
General Enquiries
Feedback & Complaint
Advancement & Continuing Education
Master of Electrical Engineering
Master of Electrical Engineering
IPS/UniKL BMI
(N/0712/7/0002) (01/28) (MQA/PA16051)
Program Learning Outcomes",UNIKL,NA,NA,NA,NA,NA
Master of Information Technology,"Leadership & Governance
Championing higher TVET
Special Projects
Awards & Recognition
Collaborations
Facts & Figures
Why UniKL ?
Living in Klang Valley
Living and studying in Southern Zone (UniKL Southern)
Living and studying in Northern Zone (UniKL Northern)
Campus Lifestyles
Student Experience
Student Development
Student Welfare
Student Council
Testimonial
Xpress (News & Event)
Study at UniKL
Undergraduate
Postgraduate
Short Courses
Professional Certificates
Academic Calendar
Ulul Albab Programmes
Student Exchange
Exchange Mobility
Overview & Partners
International Student Exchange Mobility(ISEM)
Customized & Edutourism Programmes
Admissions & Aid
How to Apply
Fees & Funding
Open Distance Learning (ODL)
Research & Innovation
Research Areas
Research Grants
Publications
Technology Transfer & Commercialisation
Research Facilities
Collaborations
Commercialisation (URSB)
E-Publication
General Enquiries
Feedback & Complaint
Advancement & Continuing Education
By Research
Master of Information Technology
Master of Information Technology
IPS/UniKL MIIT
(R3/481/7/0542) (10/27) (MQA A8064)
Program Learning Outcomes",UNIKL,NA,NA,NA,NA,NA
Master in Supply Chain Management,"Leadership & Governance
Championing higher TVET
Special Projects
Awards & Recognition
Collaborations
Facts & Figures
Why UniKL ?
Living in Klang Valley
Living and studying in Southern Zone (UniKL Southern)
Living and studying in Northern Zone (UniKL Northern)
Campus Lifestyles
Student Experience
Student Development
Student Welfare
Student Council
Testimonial
Xpress (News & Event)
Study at UniKL
Undergraduate
Postgraduate
Short Courses
Professional Certificates
Academic Calendar
Ulul Albab Programmes
Student Exchange
Exchange Mobility
Overview & Partners
International Student Exchange Mobility(ISEM)
Customized & Edutourism Programmes
Admissions & Aid
How to Apply
Fees & Funding
Open Distance Learning (ODL)
Research & Innovation
Research Areas
Research Grants
Publications
Technology Transfer & Commercialisation
Research Facilities
Collaborations
Commercialisation (URSB)
E-Publication
General Enquiries
Feedback & Complaint
Advancement & Continuing Education
Postgraduate
Management and Administration
Master in Supply Chain Management
Master in Supply Chain Management
IPS/UniKL MITEC
(R/0414/7/0157) (09/29) (MQA/FA11496)
Program Learning Outcomes",UNIKL,NA,NA,NA,NA,NA
Master of Business Administration,"Leadership & Governance
Championing higher TVET
Special Projects
Awards & Recognition
Collaborations
Facts & Figures
Why UniKL ?
Living in Klang Valley
Living and studying in Southern Zone (UniKL Southern)
Living and studying in Northern Zone (UniKL Northern)
Campus Lifestyles
Student Experience
Student Development
Student Welfare
Student Council
Testimonial
Xpress (News & Event)
Study at UniKL
Undergraduate
Postgraduate
Short Courses
Professional Certificates
Academic Calendar
Ulul Albab Programmes
Student Exchange
Exchange Mobility
Overview & Partners
International Student Exchange Mobility(ISEM)
Customized & Edutourism Programmes
Admissions & Aid
How to Apply
Fees & Funding
Open Distance Learning (ODL)
Research & Innovation
Research Areas
Research Grants
Publications
Technology Transfer & Commercialisation
Research Facilities
Collaborations
Commercialisation (URSB)
E-Publication
General Enquiries
Feedback & Complaint
Advancement & Continuing Education
Master of Business Administration
Master of Business Administration
Program Learning Outcomes
IPS/UniKL Business School
(R3/0414/7/0125) (11/29) (A10145)",UNIKL,NA,NA,NA,NA,NA
Doctor of Philosophy (Manufacturing),"Leadership & Governance
Championing higher TVET
Special Projects
Awards & Recognition
Collaborations
Facts & Figures
Why UniKL ?
Living in Klang Valley
Living and studying in Southern Zone (UniKL Southern)
Living and studying in Northern Zone (UniKL Northern)
Campus Lifestyles
Student Experience
Student Development
Student Welfare
Student Council
Testimonial
Xpress (News & Event)
Study at UniKL
Undergraduate
Postgraduate
Short Courses
Professional Certificates
Academic Calendar
Ulul Albab Programmes
Student Exchange
Exchange Mobility
Overview & Partners
International Student Exchange Mobility(ISEM)
Customized & Edutourism Programmes
Admissions & Aid
How to Apply
Fees & Funding
Open Distance Learning (ODL)
Research & Innovation
Research Areas
Research Grants
Publications
Technology Transfer & Commercialisation
Research Facilities
Collaborations
Commercialisation (URSB)
E-Publication
General Enquiries
Feedback & Complaint
Advancement & Continuing Education
Postgraduate
By Research
Doctor of Philosophy (Manufacturing)
Doctor of Philosophy (Manufacturing)
IPS/UniKL MIDI
(R3/540/8/0014) (07/29) (MQA A 7854)
Program Learning Outcomes
Career Pathways",UNIKL,NA,NA,NA,NA,NA
Doctor of Philosophy (Information Technology),"Leadership & Governance
Championing higher TVET
Special Projects
Awards & Recognition
Collaborations
Facts & Figures
Why UniKL ?
Living in Klang Valley
Living and studying in Southern Zone (UniKL Southern)
Living and studying in Northern Zone (UniKL Northern)
Campus Lifestyles
Student Experience
Student Development
Student Welfare
Student Council
Testimonial
Xpress (News & Event)
Study at UniKL
Undergraduate
Postgraduate
Short Courses
Professional Certificates
Academic Calendar
Ulul Albab Programmes
Student Exchange
Exchange Mobility
Overview & Partners
International Student Exchange Mobility(ISEM)
Customized & Edutourism Programmes
Admissions & Aid
How to Apply
Fees & Funding
Open Distance Learning (ODL)
Research & Innovation
Research Areas
Research Grants
Publications
Technology Transfer & Commercialisation
Research Facilities
Collaborations
Commercialisation (URSB)
E-Publication
General Enquiries
Feedback & Complaint
Advancement & Continuing Education
Postgraduate
By Research
Doctor of Philosophy (Information Technology)
IPS/UniKL MIIT
(R3/481/8/0591) (01/30) (MQA A8279)
Program Learning Outcomes",UNIKL,NA,NA,NA,NA,NA
Bachelor of Business (Hons),NA,UOW,Oral Communication | Writing and Referencing | Business Law | Business Statistics | Financial Accounting | Principles of Economics | Management Accounting 1 | Principles of Management | Principles of Marketing,Principles of Finance | Managing Across Cultures | Research Methodology | Business Oriented Information Systems,Strategic Management | International Business Management,Principles of Responsible Business | YEAR 3 | Strategic Management | International Business Management | Integrated Business Capstone | Operations Management | Industry and Trade in Asia | Internship | Digital Business | (Dual Award) | Introduction to Business Analytics | Big Data and Visual Analytics in Business | International Financial Management | Marketing Research and Consumer Insights | Digital Marketing | Integrated Marketing Communication Strategy | Marketing | (Single Award) | Digital Strategy | Consumer Behaviour | Marketing Research and Consumer Insights | Brand Management | Services Marketing | Managing Marketing Intelligence | Sustainable Business | (Single Award) | Environmental and Natural Resources Economics | Climate Change and Business Development | Sustainable Business Practices | Responsible Leadership,Penghayatan Etika dan Peradaban (Malaysian Students) | Bahasa Melayu Komunikasi 2 (International Students) | Falsafah dan Isu Semasa | Entrepreneurship | Integrity and Anti-Corruption | Global Social Responsibility | Bahasa Kebangsaan A*
Bachelor of Accounting (Hons),NA,UOW,Oral Communication | Writing and Referencing | Business Law | Company Law | Financial Accounting | Management Accounting 1 | Principles of Management | Principles of Economics | Principles of Finance | Quantitative Methods,Auditing | Accounting Information System | Financial Reporting 1 & 2 | Financial Management | Intermediate Taxation | Introduction to Taxation | Management Accounting 2 | Principles of Marketing,"Governance, Risk & Ethics * | Advanced Audit & Assurance * | Advanced Taxation * | Business Analysis * | Corporate Reporting 1 & 2 * | Public Sector Accounting | Research Methodology | Internship | *ACCA professional papers",,Penghayatan Etika dan Peradaban (Malaysian Students) | Bahasa Melayu Komunikasi 2 (International Students) | Falsafah dan Isu Semasa | Entrepreneurship | Integrity and Anti-Corruption | Global Social Responsibility | Bahasa Kebangsaan A*
Bachelor of Computer Science (Hons),NA,UOW,Oral Communication | Computing Mathematics | Fundamentals of Programming | Database Management & Security | Discrete Mathematics | Object Oriented System Analysis & Design | Intelligent Systems | Java Programming | Computer Architecture | Data Structures & Algorithms | Data Communication & Networking | Principles of Software Engineering,Operating Systems | HCI & User Experience | IT Project Management | Database Systems | Software Design | Advanced Programming | Software Development Methodologies | Big Data Management | System Security,Project 1 & 2 | Software Engineering Practices & Principles | Knowledge & Information Engineering | Cybersecurity,YEAR 3 | Project 1 & 2 | Software Engineering Practices & Principles | Knowledge & Information Engineering | Cybersecurity | Internship,Penghayatan Etika dan Peradaban (Malaysian Students) | Bahasa Melayu Komunikasi 2 (International Students) | Falsafah dan Isu Semasa | Entrepreneurship | Integrity and Anti-Corruption | Global Social Responsibility | Bahasa Kebangsaan A*
Bachelor of Information Systems (Hons),NA,UOW,Principle of Information System | Database System | Business Communication | Writing and Referencing | Principles of Management | Business Statistics | Management Information System | Business Information System | IT infrastructure | System Analysis and Design | Foundation of HCI | Oral Communication,Enterprise Architecture 1 | Network Management | Knowledge Management | Programming for IS | Strategic Systems Management | IS Project Management | Decision Support System | Social and Current Issues in Computing | Research Method,Individual Project 1 | Individual Project 2 | Enterprise Architecture 2 | Cyber Security | Data Mining for Information Systems | Business Process Management | Industrial Training,YEAR 3 | Individual Project 1 | Individual Project 2 | Enterprise Architecture 2 | Cyber Security | Data Mining for Information Systems | Business Process Management | Industrial Training | RETAIL ANALYTICS | Big Data Analysis | Introduction to Business Analytics | Digital Marketing | Social Web Analytics | INTERNET OF THINGS | Analytics for IOT | Internet of Things | Sensor Technology and Instrumentation | Wireless Sensor Network and IOT Standard,Penghayatan Etika dan Peradaban (Malaysian Students) | Bahasa Melayu Komunikasi 2 (International Students) | Falsafah dan Isu Semasa | Entrepreneurship | Integrity and Anti-Corruption | Global Social Responsibility | Bahasa Kebangsaan A*
Bachelor in Software Engineering,NA,UOW,Principles of Programming | Computer Architecture | Database Systems | Discrete Mathematics | Writing & Referencing | Computer Network | Object-Oriented Programming | Data Structures & Algorithms | Foundation of Human Computer Interaction | Principles of Software Engineering,Software Requirements Engineering | Algorithm Design & Analysis | Software Process & Methodology | Oral Communication | Software Design & Architecture | Software Testing | Software Quality Assurance | Principles of Management | Mobile Application Development | Knowledge Management,Professional & Ethical Practice | Individual Project 1 | Individual Project 2 | Software Project Management | Software Maintenance & Re-Engineering | Industrial Training,YEAR 3 | Professional & Ethical Practice | Individual Project 1 | Individual Project 2 | Software Project Management | Software Maintenance & Re-Engineering | Industrial Training | DATA ANALYTICS | Introduction to Business Analytics | Predictive Analytics | Descriptive Analytics | Big Data Analytics | INTERNET OF THINGS | Introduction to Internet of Things (IoT) | Sensor Technology & Instrumentation | Wireless Sensor Network & IOT Standard | Analytics for Internet of Things (IoT),Penghayatan Etika dan Peradaban (Malaysian Students) | Bahasa Melayu Komunikasi 2 (International Students) | Falsafah dan Isu Semasa | Entrepreneurship | Integrity and Anti-Corruption | Global Social Responsibility | Bahasa Kebangsaan A*
Diploma in Business Administration,NA,UOW,"Revolutionary Business Simulation | As the world of business transforms rapidly with the adoption of digital economy, the paradigm shift has resulted in greater demand for organisation with soft skills and entrepreneurial mindset. Students’ adaptability of this new era would enhance their innovativeness and productivity, hence contributing in the society development. | At UOW Malaysia’s School of Business, students are put into business simulated environment at our very own Entrepreneurialism Centre, guided by certified EuroPEN-PEN International trainers and are led by experienced Malaysia Business Angel Network (MBAN) investor. The simulated set-up allows students to use various web-based applications including the Simplified Business System (SBS) trading platform, human resources, administration and marketing platforms, teaches them various methods in facing the VUCA (Volatility, Uncertainty, Complexity and Ambiguity) world, taking calculated risks and learning from failures. | Industry Expert Speakers Series | The Industry Expert Speaker Series is comprised of various guest lectures, workshops, talks and forums, where experts across various industries and organisations share their thoughts, knowledge and experiences with our students. Past speakers include Dato’ Teo Chiang Quan (Chairman of UOW Malaysia Board), Dr. Robert Bong (Chief Advisor of Malaysia Blue Ocean Strategy Institute), Dato’ Dan E Khoo (Vice President – Strategy, Multimedia Development Corporation), Mohd Ibrahimnuddin Mohd Yunus (Managing Director and Chief Executive Officer of Petronas Dagangan Berhad), Melissa Ng (Head of Service Marketing, Nissan Malaysia and IndoChina), Surentran Somasundram (Chief Executive Oficer, Snack Boss Sendirian Berhad), and Marwan Ma’som (Founder, SwiftCow Malaysia), just to name a few. | Duration | 2 years | Program Location | University of Wollongong Malaysia, Utropolis Glenmarie | Core | Oral Communication | Writing and Referencing | Business Mathematics | Financial Accounting 1 & 2 | Introduction to Accounting | Introduction to Information Technology | Introduction to Money & Banking | Macroeconomics | Management Accounting 1 & 2 | Microeconomics","Revolutionary Business Simulation | As the world of business transforms rapidly with the adoption of digital economy, the paradigm shift has resulted in greater demand for organisation with soft skills and entrepreneurial mindset. Students’ adaptability of this new era would enhance their innovativeness and productivity, hence contributing in the society development. | At UOW Malaysia’s School of Business, students are put into business simulated environment at our very own Entrepreneurialism Centre, guided by certified EuroPEN-PEN International trainers and are led by experienced Malaysia Business Angel Network (MBAN) investor. The simulated set-up allows students to use various web-based applications including the Simplified Business System (SBS) trading platform, human resources, administration and marketing platforms, teaches them various methods in facing the VUCA (Volatility, Uncertainty, Complexity and Ambiguity) world, taking calculated risks and learning from failures. | Industry Expert Speakers Series | The Industry Expert Speaker Series is comprised of various guest lectures, workshops, talks and forums, where experts across various industries and organisations share their thoughts, knowledge and experiences with our students. Past speakers include Dato’ Teo Chiang Quan (Chairman of UOW Malaysia Board), Dr. Robert Bong (Chief Advisor of Malaysia Blue Ocean Strategy Institute), Dato’ Dan E Khoo (Vice President – Strategy, Multimedia Development Corporation), Mohd Ibrahimnuddin Mohd Yunus (Managing Director and Chief Executive Officer of Petronas Dagangan Berhad), Melissa Ng (Head of Service Marketing, Nissan Malaysia and IndoChina), Surentran Somasundram (Chief Executive Oficer, Snack Boss Sendirian Berhad), and Marwan Ma’som (Founder, SwiftCow Malaysia), just to name a few. | Duration | 2 years | Program Location | University of Wollongong Malaysia, Utropolis Glenmarie | Core | Year 1 | Oral Communication | Writing and Referencing | Business Mathematics | Financial Accounting 1 & 2 | Introduction to Accounting | Introduction to Information Technology | Introduction to Money & Banking | Macroeconomics | Management Accounting 1 & 2",,,Penghayatan Etika dan Peradaban (Malaysian Students) | Bahasa Melayu Komunikasi 1 (International Students) | Personal Development Skills | Integrity and Anti-Corruption | Teamwork and Community | Bahasa Kebangsaan A*
Diploma in Information Technology,NA,UOW,Fundamentals of Programming | Object-Oriented Systems Analysis and Design | User Interface Design | Discrete Mathematics | Calculus and Algebra | Database Systems | Cloud Computing | Computing Ethics | Computer Architecture | Data Structures and Algorithms | Networking Fundamental | Java Programming,"Statistics and Probability | Introduction to Operating Systems | System Paradigms | Advanced Networking | Project | System Administration and Management | Technopreneurship | Fundamentals of Cybersecurity | Web and Mobile System | Internship | Penghayatan Etika dan Peradaban (Malaysian Students) | Bahasa Melayu Komunikasi 1 (International Students) | Personal Development Skills | Integrity and Anti-Corruption | Teamwork and Community | Bahasa Kebangsaan A* | Notes | Bahasa Kebangsaan A is compulsory for all Malaysian students | without a credit in SPM Bahasa Malaysia. | without SPM Bahasa Malaysia (applicable to students from UEC, O Level, or other equivalent programs)",,,Penghayatan Etika dan Peradaban (Malaysian Students) | Bahasa Melayu Komunikasi 1 (International Students) | Personal Development Skills | Integrity and Anti-Corruption | Teamwork and Community | Bahasa Kebangsaan A*
Diploma in Graphic Design Technology,NA,UOW,Culture of Modern Art and Graphic Design | Design Thinking | Fundamentals of Drawing | Fundamentals of Graphic Design | Colour Studies | Personal Branding | Typography | Computer Graphics 1 | Oral Communication | Advertising Principles | Computer Graphics 2 | Packaging Design,Environmental Design | Graphic Design 1 | 3D Modelling and Visualization | UX/UI Design | Graphic Design for Motion Graphics | Graphic Design 2 | Campaign Development | Professional Studies | Elective | Electives | 3D Modelling and Texturing for Games | Technopreneurship | Copywriting | Internet and Web Technologies | Penghayatan Etika dan Peradaban (Malaysian Students) | Bahasa Melayu Komunikasi 1 (International Students) | Personal Development Skills | Integrity and Anti-Corruption | Teamwork and Community | Bahasa Kebangsaan A*,,,Penghayatan Etika dan Peradaban (Malaysian Students) | Bahasa Melayu Komunikasi 1 (International Students) | Personal Development Skills | Integrity and Anti-Corruption | Teamwork and Community | Bahasa Kebangsaan A*
Bachelor of Arts (Hons) Business Management,NA,UOW,Writing and Referencing | Principles of Management | Principles of Marketing | Financial Management | Oral Communication | Introduction to Accounting | Business Statistics | Principles of Economics | Organizational Behaviour | Business Law,Management Accounting | Financial Accounting | Human Resources Management | Principles of Project Management | Contemporary Issues in Business and Management | Management Decision Making | Managing Across Cultures | Principles of Responsible Business | Marketing Research and Consumer Insights,,YEAR 3 | Integrated Marketing Communication | Strategic Management | Integrative Business Capstone | Internship | Electives | Digital Business | (Dual Award option) | Introduction to Business Analytics | Big Data and Visual Analytics for Business | International Financial Management | Industry and Trade in Asia | Digital Marketing | International Business Management | Marketing | (Single Award option) | Marketing Communications 1 | Marketing Communications 2 | Branding | Strategic Marketing Planning | Buyer Behaviour | Digital Marketing | International Marketing,Penghayatan Etika dan Peradaban (Malaysian Students) | Bahasa Melayu Komunikasi 2 (International Students) | Falsafah dan Isu Semasa | Entrepreneurship | Malaysia and Global Issues | Global Social Responsibility | Bahasa Kebangsaan A*
Foundation in Science,NA,UOW,,,,,
Foundation in Engineering,NA,UOW,"English Requirement | Local Student : | Pass (SPM / 1119 / UEC / O Levels English) | International Student : | Band 4.0 in IELTS; or a min score of 30 (IBT) or 5 (Essentials-Online) in TOEFL; or Cambridge English (140); or PTE Academic (36); or UOW Malaysia English Entrance Test (60) | Notes | If English language requirements are not fulfilled, additional English module(s) may be taken at UOW Malaysia. | APPLY NOW | Academic profiles | Testimonials & Awards | News & Event | Industry linkages | Awards | Projects | Financial Aids | Downloads | Find your program | Search | SERVICES & HELP | Open Learning",,,,